[
    {
        "id": 214,
        "title": "Places",
        "icon": "<svg width=\"24\" height=\"24\" viewBox=\"0 0 24 24\" xmlns=\"http:\/\/www.w3.org\/2000\/svg\">\n<rect opacity=\"0.25\" width=\"15\" height=\"15\" rx=\"4\" transform=\"matrix(-1 0 0 1 22 7)\" fill=\"currentColor\" \/>\n<rect width=\"15\" height=\"15\" rx=\"4\" transform=\"matrix(-1 0 0 1 17 2)\" fill=\"currentColor\" \/>\n<\/svg>\n",
        "keywords": [],
        "slug": "lazyblock\/places",
        "description": "",
        "category": "design",
        "category_label": "design",
        "supports": {
            "customClassName": true,
            "anchor": false,
            "align": [
                "wide",
                "full"
            ],
            "html": false,
            "multiple": true,
            "inserter": true
        },
        "ghostkit": {
            "supports": {
                "spacings": false,
                "display": false,
                "scrollReveal": false,
                "frame": false,
                "customCSS": false
            }
        },
        "controls": {
            "control_8459064afc": {
                "type": "repeater",
                "name": "places",
                "default": "",
                "label": "Places",
                "help": "",
                "child_of": "",
                "placement": "content",
                "width": "100",
                "hide_if_not_selected": "true",
                "save_in_meta": "false",
                "save_in_meta_name": "",
                "required": "false",
                "rows_min": "",
                "rows_max": "",
                "rows_label": "",
                "rows_add_button_label": "",
                "rows_collapsible": "true",
                "rows_collapsed": "true",
                "placeholder": "",
                "characters_limit": ""
            },
            "control_325b424987": {
                "type": "text",
                "name": "place_city",
                "default": "",
                "label": "City",
                "help": "",
                "child_of": "control_8459064afc",
                "placement": "content",
                "width": "100",
                "hide_if_not_selected": "false",
                "save_in_meta": "false",
                "save_in_meta_name": "",
                "required": "false",
                "placeholder": "",
                "characters_limit": ""
            },
            "control_6c89244ca8": {
                "type": "text",
                "name": "place_street",
                "default": "",
                "label": "Street",
                "help": "",
                "child_of": "control_8459064afc",
                "placement": "content",
                "width": "100",
                "hide_if_not_selected": "false",
                "save_in_meta": "false",
                "save_in_meta_name": "",
                "required": "false",
                "placeholder": "",
                "characters_limit": ""
            },
            "control_b0f8b549a8": {
                "type": "text",
                "name": "place_phone",
                "default": "",
                "label": "Phone",
                "help": "",
                "child_of": "control_8459064afc",
                "placement": "content",
                "width": "100",
                "hide_if_not_selected": "false",
                "save_in_meta": "false",
                "save_in_meta_name": "",
                "required": "false",
                "placeholder": "",
                "characters_limit": ""
            },
            "control_d7686146ec": {
                "type": "text",
                "name": "place_email",
                "default": "",
                "label": "Email",
                "help": "",
                "child_of": "control_8459064afc",
                "placement": "content",
                "width": "100",
                "hide_if_not_selected": "false",
                "save_in_meta": "false",
                "save_in_meta_name": "",
                "required": "false",
                "placeholder": "",
                "characters_limit": ""
            }
        },
        "code": {
            "output_method": "template",
            "editor_html": "",
            "editor_callback": "",
            "editor_css": "",
            "frontend_html": "",
            "frontend_callback": "",
            "frontend_css": "",
            "show_preview": "always",
            "single_output": false
        },
        "condition": []
    },
    {
        "id": 209,
        "title": "Partners",
        "icon": "<svg width=\"24\" height=\"24\" viewBox=\"0 0 24 24\" xmlns=\"http:\/\/www.w3.org\/2000\/svg\">\n<rect opacity=\"0.25\" width=\"15\" height=\"15\" rx=\"4\" transform=\"matrix(-1 0 0 1 22 7)\" fill=\"currentColor\" \/>\n<rect width=\"15\" height=\"15\" rx=\"4\" transform=\"matrix(-1 0 0 1 17 2)\" fill=\"currentColor\" \/>\n<\/svg>\n",
        "keywords": [],
        "slug": "lazyblock\/partners",
        "description": "",
        "category": "design",
        "category_label": "design",
        "supports": {
            "customClassName": true,
            "anchor": false,
            "align": [
                "wide",
                "full"
            ],
            "html": false,
            "multiple": true,
            "inserter": true
        },
        "ghostkit": {
            "supports": {
                "spacings": false,
                "display": false,
                "scrollReveal": false,
                "frame": false,
                "customCSS": false
            }
        },
        "controls": {
            "control_eb28e44246": {
                "type": "text",
                "name": "partners_title",
                "default": "",
                "label": "Title",
                "help": "",
                "child_of": "",
                "placement": "content",
                "width": "100",
                "hide_if_not_selected": "true",
                "save_in_meta": "false",
                "save_in_meta_name": "",
                "required": "false",
                "placeholder": "",
                "characters_limit": ""
            },
            "control_c35b2b4df4": {
                "type": "repeater",
                "name": "partners",
                "default": "",
                "label": "Partners",
                "help": "",
                "child_of": "",
                "placement": "content",
                "width": "100",
                "hide_if_not_selected": "false",
                "save_in_meta": "false",
                "save_in_meta_name": "",
                "required": "false",
                "rows_min": "",
                "rows_max": "",
                "rows_label": "",
                "rows_add_button_label": "",
                "rows_collapsible": "true",
                "rows_collapsed": "true",
                "placeholder": "",
                "characters_limit": ""
            },
            "control_ac5a664b0f": {
                "type": "image",
                "name": "partner_image",
                "default": "",
                "label": "Image",
                "help": "",
                "child_of": "control_c35b2b4df4",
                "placement": "content",
                "width": "100",
                "hide_if_not_selected": "false",
                "save_in_meta": "false",
                "save_in_meta_name": "",
                "required": "false",
                "preview_size": "full",
                "placeholder": "",
                "characters_limit": ""
            }
        },
        "code": {
            "output_method": "template",
            "editor_html": "",
            "editor_callback": "",
            "editor_css": "",
            "frontend_html": "",
            "frontend_callback": "",
            "frontend_css": "",
            "show_preview": "always",
            "single_output": false
        },
        "condition": []
    },
    {
        "id": 206,
        "title": "Process",
        "icon": "<svg width=\"24\" height=\"24\" viewBox=\"0 0 24 24\" xmlns=\"http:\/\/www.w3.org\/2000\/svg\">\n<rect opacity=\"0.25\" width=\"15\" height=\"15\" rx=\"4\" transform=\"matrix(-1 0 0 1 22 7)\" fill=\"currentColor\" \/>\n<rect width=\"15\" height=\"15\" rx=\"4\" transform=\"matrix(-1 0 0 1 17 2)\" fill=\"currentColor\" \/>\n<\/svg>\n",
        "keywords": [],
        "slug": "lazyblock\/process",
        "description": "",
        "category": "design",
        "category_label": "design",
        "supports": {
            "customClassName": true,
            "anchor": false,
            "align": [
                "wide",
                "full"
            ],
            "html": false,
            "multiple": true,
            "inserter": true
        },
        "ghostkit": {
            "supports": {
                "spacings": false,
                "display": false,
                "scrollReveal": false,
                "frame": false,
                "customCSS": false
            }
        },
        "controls": {
            "control_faaaad4116": {
                "type": "text",
                "name": "process_title",
                "default": "",
                "label": "title",
                "help": "",
                "child_of": "",
                "placement": "content",
                "width": "100",
                "hide_if_not_selected": "true",
                "save_in_meta": "false",
                "save_in_meta_name": "",
                "required": "false",
                "placeholder": "",
                "characters_limit": ""
            },
            "control_d828884c4b": {
                "type": "rich_text",
                "name": "process_text",
                "default": "",
                "label": "Text",
                "help": "",
                "child_of": "",
                "placement": "content",
                "width": "100",
                "hide_if_not_selected": "true",
                "save_in_meta": "false",
                "save_in_meta_name": "",
                "required": "false",
                "multiline": "false",
                "placeholder": "",
                "characters_limit": ""
            }
        },
        "code": {
            "output_method": "template",
            "editor_html": "",
            "editor_callback": "",
            "editor_css": "",
            "frontend_html": "",
            "frontend_callback": "",
            "frontend_css": "",
            "show_preview": "always",
            "single_output": false
        },
        "condition": []
    },
    {
        "id": 199,
        "title": "Team",
        "icon": "<svg width=\"24\" height=\"24\" viewBox=\"0 0 24 24\" xmlns=\"http:\/\/www.w3.org\/2000\/svg\">\n<rect opacity=\"0.25\" width=\"15\" height=\"15\" rx=\"4\" transform=\"matrix(-1 0 0 1 22 7)\" fill=\"currentColor\" \/>\n<rect width=\"15\" height=\"15\" rx=\"4\" transform=\"matrix(-1 0 0 1 17 2)\" fill=\"currentColor\" \/>\n<\/svg>\n",
        "keywords": [],
        "slug": "lazyblock\/team",
        "description": "",
        "category": "design",
        "category_label": "design",
        "supports": {
            "customClassName": true,
            "anchor": false,
            "align": [
                "wide",
                "full"
            ],
            "html": false,
            "multiple": true,
            "inserter": true
        },
        "ghostkit": {
            "supports": {
                "spacings": false,
                "display": false,
                "scrollReveal": false,
                "frame": false,
                "customCSS": false
            }
        },
        "controls": {
            "control_6fdb344628": {
                "type": "text",
                "name": "team_title",
                "default": "",
                "label": "Title",
                "help": "",
                "child_of": "",
                "placement": "content",
                "width": "100",
                "hide_if_not_selected": "true",
                "save_in_meta": "false",
                "save_in_meta_name": "",
                "required": "false",
                "placeholder": "",
                "characters_limit": ""
            },
            "control_7bcb0c4e08": {
                "type": "repeater",
                "name": "teamates",
                "default": "",
                "label": "teamates",
                "help": "",
                "child_of": "",
                "placement": "content",
                "width": "100",
                "hide_if_not_selected": "true",
                "save_in_meta": "false",
                "save_in_meta_name": "",
                "required": "false",
                "rows_min": "",
                "rows_max": "",
                "rows_label": "Teamates {{#}}",
                "rows_add_button_label": "+ Add teamate",
                "rows_collapsible": "true",
                "rows_collapsed": "true",
                "placeholder": "",
                "characters_limit": ""
            },
            "control_59681e4fd0": {
                "type": "image",
                "name": "teamate_picture",
                "default": "",
                "label": "Picture",
                "help": "",
                "child_of": "control_7bcb0c4e08",
                "placement": "content",
                "width": "100",
                "hide_if_not_selected": "false",
                "save_in_meta": "false",
                "save_in_meta_name": "",
                "required": "false",
                "preview_size": "full",
                "placeholder": "",
                "characters_limit": ""
            },
            "control_756b8245ce": {
                "type": "text",
                "name": "teamate_job",
                "default": "",
                "label": "Job",
                "help": "",
                "child_of": "control_7bcb0c4e08",
                "placement": "content",
                "width": "100",
                "hide_if_not_selected": "false",
                "save_in_meta": "false",
                "save_in_meta_name": "",
                "required": "false",
                "placeholder": "",
                "characters_limit": ""
            },
            "control_e6fb264206": {
                "type": "text",
                "name": "teamate_name",
                "default": "",
                "label": "Name",
                "help": "",
                "child_of": "control_7bcb0c4e08",
                "placement": "content",
                "width": "100",
                "hide_if_not_selected": "false",
                "save_in_meta": "false",
                "save_in_meta_name": "",
                "required": "false",
                "placeholder": "",
                "characters_limit": ""
            },
            "control_91ab2d4b7c": {
                "type": "text",
                "name": "teamate_description",
                "default": "",
                "label": "Description",
                "help": "",
                "child_of": "control_7bcb0c4e08",
                "placement": "content",
                "width": "100",
                "hide_if_not_selected": "false",
                "save_in_meta": "false",
                "save_in_meta_name": "",
                "required": "false",
                "placeholder": "",
                "characters_limit": ""
            },
            "control_66c91a4024": {
                "type": "url",
                "name": "teamate_facebook_link",
                "default": "",
                "label": "Facebook link",
                "help": "",
                "child_of": "control_7bcb0c4e08",
                "placement": "content",
                "width": "100",
                "hide_if_not_selected": "false",
                "save_in_meta": "false",
                "save_in_meta_name": "",
                "required": "false",
                "placeholder": "",
                "characters_limit": ""
            },
            "control_ba780147b5": {
                "type": "text",
                "name": "teamate_facebook_name",
                "default": "",
                "label": "Facebook name",
                "help": "",
                "child_of": "control_7bcb0c4e08",
                "placement": "content",
                "width": "100",
                "hide_if_not_selected": "false",
                "save_in_meta": "false",
                "save_in_meta_name": "",
                "required": "false",
                "placeholder": "",
                "characters_limit": ""
            },
            "control_68ea294a4c": {
                "type": "url",
                "name": "teamate_instagram_link",
                "default": "",
                "label": "Instagram link",
                "help": "",
                "child_of": "control_7bcb0c4e08",
                "placement": "content",
                "width": "100",
                "hide_if_not_selected": "false",
                "save_in_meta": "false",
                "save_in_meta_name": "",
                "required": "false",
                "placeholder": "",
                "characters_limit": ""
            },
            "control_02784c4152": {
                "type": "text",
                "name": "teamate_instagram_name",
                "default": "",
                "label": "Instagram name",
                "help": "",
                "child_of": "control_7bcb0c4e08",
                "placement": "content",
                "width": "100",
                "hide_if_not_selected": "false",
                "save_in_meta": "false",
                "save_in_meta_name": "",
                "required": "false",
                "placeholder": "",
                "characters_limit": ""
            },
            "control_640b6346f5": {
                "type": "url",
                "name": "teamate_linkedin_link",
                "default": "",
                "label": "LinkedIn link",
                "help": "",
                "child_of": "control_7bcb0c4e08",
                "placement": "content",
                "width": "100",
                "hide_if_not_selected": "false",
                "save_in_meta": "false",
                "save_in_meta_name": "",
                "required": "false",
                "placeholder": "",
                "characters_limit": ""
            },
            "control_68fbf44ab0": {
                "type": "text",
                "name": "teamate_linkedin_name",
                "default": "",
                "label": "LinkedIn name",
                "help": "",
                "child_of": "control_7bcb0c4e08",
                "placement": "content",
                "width": "100",
                "hide_if_not_selected": "false",
                "save_in_meta": "false",
                "save_in_meta_name": "",
                "required": "false",
                "placeholder": "",
                "characters_limit": ""
            },
            "control_543b854f25": {
                "type": "url",
                "name": "teamate_twitter_link",
                "default": "",
                "label": "Twitter link",
                "help": "",
                "child_of": "control_7bcb0c4e08",
                "placement": "content",
                "width": "100",
                "hide_if_not_selected": "false",
                "save_in_meta": "false",
                "save_in_meta_name": "",
                "required": "false",
                "placeholder": "",
                "characters_limit": ""
            },
            "control_2f48d44e54": {
                "type": "text",
                "name": "teamate_twitter_name",
                "default": "",
                "label": "Twitter name",
                "help": "",
                "child_of": "control_7bcb0c4e08",
                "placement": "content",
                "width": "100",
                "hide_if_not_selected": "false",
                "save_in_meta": "false",
                "save_in_meta_name": "",
                "required": "false",
                "placeholder": "",
                "characters_limit": ""
            }
        },
        "code": {
            "output_method": "template",
            "editor_html": "",
            "editor_callback": "",
            "editor_css": "",
            "frontend_html": "",
            "frontend_callback": "",
            "frontend_css": "",
            "show_preview": "always",
            "single_output": false
        },
        "condition": []
    },
    {
        "id": 193,
        "title": "Testimonials",
        "icon": "<svg width=\"24\" height=\"24\" viewBox=\"0 0 24 24\" xmlns=\"http:\/\/www.w3.org\/2000\/svg\">\n<rect opacity=\"0.25\" width=\"15\" height=\"15\" rx=\"4\" transform=\"matrix(-1 0 0 1 22 7)\" fill=\"currentColor\" \/>\n<rect width=\"15\" height=\"15\" rx=\"4\" transform=\"matrix(-1 0 0 1 17 2)\" fill=\"currentColor\" \/>\n<\/svg>\n",
        "keywords": [],
        "slug": "lazyblock\/testimonials",
        "description": "",
        "category": "widgets",
        "category_label": "widgets",
        "supports": {
            "customClassName": true,
            "anchor": false,
            "align": [
                "wide",
                "full"
            ],
            "html": false,
            "multiple": true,
            "inserter": true
        },
        "ghostkit": {
            "supports": {
                "spacings": false,
                "display": false,
                "scrollReveal": false,
                "frame": false,
                "customCSS": false
            }
        },
        "controls": {
            "control_1c5af840f3": {
                "type": "text",
                "name": "testimonials_title",
                "default": "",
                "label": "Title",
                "help": "",
                "child_of": "",
                "placement": "content",
                "width": "100",
                "hide_if_not_selected": "true",
                "save_in_meta": "false",
                "save_in_meta_name": "",
                "required": "false",
                "placeholder": "",
                "characters_limit": ""
            },
            "control_60284a4d39": {
                "type": "repeater",
                "name": "testimonials_slides",
                "default": "",
                "label": "Testimonials",
                "help": "",
                "child_of": "",
                "placement": "content",
                "width": "100",
                "hide_if_not_selected": "true",
                "save_in_meta": "false",
                "save_in_meta_name": "",
                "required": "false",
                "rows_min": "",
                "rows_max": "",
                "rows_label": "Slide {{#}}",
                "rows_add_button_label": "",
                "rows_collapsible": "true",
                "rows_collapsed": "true",
                "placeholder": "",
                "characters_limit": ""
            },
            "control_8868ed49a7": {
                "type": "textarea",
                "name": "testimonial_text",
                "default": "",
                "label": "Testimonial text",
                "help": "",
                "child_of": "control_60284a4d39",
                "placement": "content",
                "width": "100",
                "hide_if_not_selected": "false",
                "save_in_meta": "false",
                "save_in_meta_name": "",
                "required": "false",
                "placeholder": "",
                "characters_limit": ""
            },
            "control_816a93459c": {
                "type": "text",
                "name": "testimonial_author",
                "default": "",
                "label": "Testimonial author",
                "help": "",
                "child_of": "control_60284a4d39",
                "placement": "content",
                "width": "100",
                "hide_if_not_selected": "false",
                "save_in_meta": "false",
                "save_in_meta_name": "",
                "required": "false",
                "placeholder": "",
                "characters_limit": ""
            }
        },
        "code": {
            "output_method": "template",
            "editor_html": "",
            "editor_callback": "",
            "editor_css": "",
            "frontend_html": "",
            "frontend_callback": "",
            "frontend_css": "",
            "show_preview": "always",
            "single_output": false
        },
        "condition": []
    },
    {
        "id": 190,
        "title": "Gallery",
        "icon": "<svg width=\"24\" height=\"24\" viewBox=\"0 0 24 24\" xmlns=\"http:\/\/www.w3.org\/2000\/svg\">\n<rect opacity=\"0.25\" width=\"15\" height=\"15\" rx=\"4\" transform=\"matrix(-1 0 0 1 22 7)\" fill=\"currentColor\" \/>\n<rect width=\"15\" height=\"15\" rx=\"4\" transform=\"matrix(-1 0 0 1 17 2)\" fill=\"currentColor\" \/>\n<\/svg>\n",
        "keywords": [],
        "slug": "lazyblock\/gallery",
        "description": "",
        "category": "design",
        "category_label": "design",
        "supports": {
            "customClassName": true,
            "anchor": false,
            "align": [
                "wide",
                "full"
            ],
            "html": false,
            "multiple": true,
            "inserter": true
        },
        "ghostkit": {
            "supports": {
                "spacings": false,
                "display": false,
                "scrollReveal": false,
                "frame": false,
                "customCSS": false
            }
        },
        "controls": {
            "control_09a9d44653": {
                "type": "text",
                "name": "gallery_title",
                "default": "",
                "label": "Title",
                "help": "",
                "child_of": "",
                "placement": "content",
                "width": "100",
                "hide_if_not_selected": "true",
                "save_in_meta": "false",
                "save_in_meta_name": "",
                "required": "false",
                "placeholder": "",
                "characters_limit": ""
            },
            "control_44a90d46aa": {
                "type": "repeater",
                "name": "gallery_images",
                "default": "",
                "label": "Images",
                "help": "",
                "child_of": "",
                "placement": "content",
                "width": "100",
                "hide_if_not_selected": "true",
                "save_in_meta": "false",
                "save_in_meta_name": "",
                "required": "false",
                "rows_min": "",
                "rows_max": "",
                "rows_label": "",
                "rows_add_button_label": "",
                "rows_collapsible": "true",
                "rows_collapsed": "true",
                "placeholder": "",
                "characters_limit": ""
            },
            "control_50a9024dff": {
                "type": "image",
                "name": "gallery_images_item",
                "default": "",
                "label": "Image",
                "help": "",
                "child_of": "control_44a90d46aa",
                "placement": "content",
                "width": "100",
                "hide_if_not_selected": "false",
                "save_in_meta": "false",
                "save_in_meta_name": "",
                "required": "false",
                "preview_size": "full",
                "placeholder": "",
                "characters_limit": ""
            }
        },
        "code": {
            "output_method": "template",
            "editor_html": "",
            "editor_callback": "",
            "editor_css": "",
            "frontend_html": "",
            "frontend_callback": "",
            "frontend_css": "",
            "show_preview": "always",
            "single_output": false
        },
        "condition": []
    },
    {
        "id": 182,
        "title": "Numbers",
        "icon": "<svg width=\"24\" height=\"24\" viewBox=\"0 0 24 24\" xmlns=\"http:\/\/www.w3.org\/2000\/svg\">\n<rect opacity=\"0.25\" width=\"15\" height=\"15\" rx=\"4\" transform=\"matrix(-1 0 0 1 22 7)\" fill=\"currentColor\" \/>\n<rect width=\"15\" height=\"15\" rx=\"4\" transform=\"matrix(-1 0 0 1 17 2)\" fill=\"currentColor\" \/>\n<\/svg>\n",
        "keywords": [],
        "slug": "lazyblock\/numbers",
        "description": "",
        "category": "design",
        "category_label": "design",
        "supports": {
            "customClassName": true,
            "anchor": false,
            "align": [
                "wide",
                "full"
            ],
            "html": false,
            "multiple": true,
            "inserter": true
        },
        "ghostkit": {
            "supports": {
                "spacings": false,
                "display": false,
                "scrollReveal": false,
                "frame": false,
                "customCSS": false
            }
        },
        "controls": {
            "control_201b65442e": {
                "type": "text",
                "name": "numbers_title",
                "default": "",
                "label": "Title",
                "help": "",
                "child_of": "",
                "placement": "content",
                "width": "100",
                "hide_if_not_selected": "true",
                "save_in_meta": "false",
                "save_in_meta_name": "",
                "required": "false",
                "placeholder": "",
                "characters_limit": ""
            },
            "control_8468414564": {
                "type": "repeater",
                "name": "numbers",
                "default": "",
                "label": "Numbers",
                "help": "",
                "child_of": "",
                "placement": "content",
                "width": "100",
                "hide_if_not_selected": "true",
                "save_in_meta": "false",
                "save_in_meta_name": "",
                "required": "false",
                "rows_min": "",
                "rows_max": "",
                "rows_label": "",
                "rows_add_button_label": "",
                "rows_collapsible": "true",
                "rows_collapsed": "true",
                "placeholder": "",
                "characters_limit": ""
            },
            "control_aa6a114545": {
                "type": "text",
                "name": "number_title",
                "default": "",
                "label": "Title",
                "help": "",
                "child_of": "control_8468414564",
                "placement": "content",
                "width": "100",
                "hide_if_not_selected": "false",
                "save_in_meta": "false",
                "save_in_meta_name": "",
                "required": "false",
                "placeholder": "",
                "characters_limit": ""
            },
            "control_5f8ba74b2a": {
                "type": "text",
                "name": "number_statistic",
                "default": "",
                "label": "statistic",
                "help": "",
                "child_of": "control_8468414564",
                "placement": "content",
                "width": "100",
                "hide_if_not_selected": "false",
                "save_in_meta": "false",
                "save_in_meta_name": "",
                "required": "false",
                "placeholder": "",
                "characters_limit": ""
            }
        },
        "code": {
            "output_method": "template",
            "editor_html": "",
            "editor_callback": "",
            "editor_css": "",
            "frontend_html": "",
            "frontend_callback": "",
            "frontend_css": "",
            "show_preview": "always",
            "single_output": false
        },
        "condition": []
    },
    {
        "id": 166,
        "title": "Our services",
        "icon": "<svg width=\"24\" height=\"24\" viewBox=\"0 0 24 24\" xmlns=\"http:\/\/www.w3.org\/2000\/svg\">\n<rect opacity=\"0.25\" width=\"15\" height=\"15\" rx=\"4\" transform=\"matrix(-1 0 0 1 22 7)\" fill=\"currentColor\" \/>\n<rect width=\"15\" height=\"15\" rx=\"4\" transform=\"matrix(-1 0 0 1 17 2)\" fill=\"currentColor\" \/>\n<\/svg>\n",
        "keywords": [],
        "slug": "lazyblock\/our-services",
        "description": "",
        "category": "design",
        "category_label": "design",
        "supports": {
            "customClassName": true,
            "anchor": false,
            "align": [
                "wide",
                "full"
            ],
            "html": false,
            "multiple": true,
            "inserter": true
        },
        "ghostkit": {
            "supports": {
                "spacings": false,
                "display": false,
                "scrollReveal": false,
                "frame": false,
                "customCSS": false
            }
        },
        "controls": {
            "control_374b9f426d": {
                "type": "text",
                "name": "our_services_title",
                "default": "",
                "label": "Title",
                "help": "",
                "child_of": "",
                "placement": "content",
                "width": "100",
                "hide_if_not_selected": "true",
                "save_in_meta": "false",
                "save_in_meta_name": "",
                "required": "false",
                "placeholder": "",
                "characters_limit": ""
            },
            "control_7d5b844dd8": {
                "type": "repeater",
                "name": "services",
                "default": "",
                "label": "Services",
                "help": "",
                "child_of": "",
                "placement": "content",
                "width": "100",
                "hide_if_not_selected": "true",
                "save_in_meta": "false",
                "save_in_meta_name": "",
                "required": "false",
                "rows_min": "",
                "rows_max": "",
                "rows_label": "",
                "rows_add_button_label": "",
                "rows_collapsible": "true",
                "rows_collapsed": "true",
                "placeholder": "",
                "characters_limit": ""
            },
            "control_7bf8364340": {
                "type": "text",
                "name": "service_title",
                "default": "",
                "label": "service title",
                "help": "",
                "child_of": "control_7d5b844dd8",
                "placement": "content",
                "width": "100",
                "hide_if_not_selected": "false",
                "save_in_meta": "false",
                "save_in_meta_name": "",
                "required": "false",
                "placeholder": "",
                "characters_limit": ""
            },
            "control_79d93442ff": {
                "type": "textarea",
                "name": "service_description",
                "default": "",
                "label": "service description",
                "help": "",
                "child_of": "control_7d5b844dd8",
                "placement": "content",
                "width": "100",
                "hide_if_not_selected": "false",
                "save_in_meta": "false",
                "save_in_meta_name": "",
                "required": "false",
                "placeholder": "",
                "characters_limit": ""
            }
        },
        "code": {
            "output_method": "template",
            "editor_html": "",
            "editor_callback": "",
            "editor_css": "",
            "frontend_html": "",
            "frontend_callback": "",
            "frontend_css": "",
            "show_preview": "unselected",
            "single_output": false
        },
        "condition": []
    },
    {
        "id": 160,
        "title": "Layering",
        "icon": "<svg width=\"24\" height=\"24\" viewBox=\"0 0 24 24\" xmlns=\"http:\/\/www.w3.org\/2000\/svg\">\n<rect opacity=\"0.25\" width=\"15\" height=\"15\" rx=\"4\" transform=\"matrix(-1 0 0 1 22 7)\" fill=\"currentColor\" \/>\n<rect width=\"15\" height=\"15\" rx=\"4\" transform=\"matrix(-1 0 0 1 17 2)\" fill=\"currentColor\" \/>\n<\/svg>\n",
        "keywords": [],
        "slug": "lazyblock\/layering",
        "description": "",
        "category": "design",
        "category_label": "design",
        "supports": {
            "customClassName": true,
            "anchor": false,
            "align": [
                "wide",
                "full"
            ],
            "html": false,
            "multiple": true,
            "inserter": true
        },
        "ghostkit": {
            "supports": {
                "spacings": false,
                "display": false,
                "scrollReveal": false,
                "frame": false,
                "customCSS": false
            }
        },
        "controls": {
            "control_3fca55469c": {
                "type": "toggle",
                "name": "layering-reverse",
                "default": "",
                "label": "Layering reverse ?",
                "help": "",
                "child_of": "",
                "placement": "inspector",
                "width": "100",
                "hide_if_not_selected": "false",
                "save_in_meta": "false",
                "save_in_meta_name": "",
                "required": "false",
                "checked": "false",
                "alongside_text": "",
                "placeholder": "",
                "characters_limit": ""
            },
            "control_5d694949c6": {
                "type": "text",
                "name": "layering_title",
                "default": "",
                "label": "Title",
                "help": "",
                "child_of": "",
                "placement": "content",
                "width": "100",
                "hide_if_not_selected": "true",
                "save_in_meta": "false",
                "save_in_meta_name": "",
                "required": "false",
                "placeholder": "",
                "characters_limit": ""
            },
            "control_790839452f": {
                "type": "image",
                "name": "layering_image",
                "default": "",
                "label": "Image",
                "help": "",
                "child_of": "",
                "placement": "content",
                "width": "100",
                "hide_if_not_selected": "true",
                "save_in_meta": "false",
                "save_in_meta_name": "",
                "required": "false",
                "preview_size": "medium",
                "placeholder": "",
                "characters_limit": ""
            },
            "control_f35b234d8d": {
                "type": "text",
                "name": "layering_block_title",
                "default": "",
                "label": "Block title",
                "help": "",
                "child_of": "",
                "placement": "content",
                "width": "100",
                "hide_if_not_selected": "true",
                "save_in_meta": "false",
                "save_in_meta_name": "",
                "required": "false",
                "placeholder": "",
                "characters_limit": ""
            },
            "control_cc1af24bfb": {
                "type": "rich_text",
                "name": "layering_block_text",
                "default": "",
                "label": "Block text",
                "help": "",
                "child_of": "",
                "placement": "content",
                "width": "100",
                "hide_if_not_selected": "true",
                "save_in_meta": "false",
                "save_in_meta_name": "",
                "required": "false",
                "multiline": "false",
                "placeholder": "",
                "characters_limit": ""
            },
            "control_6528124bba": {
                "type": "url",
                "name": "layering_block_link",
                "default": "",
                "label": "Link",
                "help": "",
                "child_of": "",
                "placement": "content",
                "width": "100",
                "hide_if_not_selected": "true",
                "save_in_meta": "false",
                "save_in_meta_name": "",
                "required": "false",
                "placeholder": "",
                "characters_limit": ""
            },
            "control_7378984e80": {
                "type": "text",
                "name": "layering_block_link_title",
                "default": "",
                "label": "Link title",
                "help": "",
                "child_of": "",
                "placement": "content",
                "width": "100",
                "hide_if_not_selected": "true",
                "save_in_meta": "false",
                "save_in_meta_name": "",
                "required": "false",
                "placeholder": "",
                "characters_limit": ""
            }
        },
        "code": {
            "output_method": "template",
            "editor_html": "",
            "editor_callback": "",
            "editor_css": "",
            "frontend_html": "",
            "frontend_callback": "",
            "frontend_css": "",
            "show_preview": "always",
            "single_output": false
        },
        "condition": []
    }
]